Abdusalam <1810010207@s.upc.edu.cn>
Abhay Patel <abhay111patel@gmail.com>
Abraham Roman <abrahiv666@gmail.com>
Ács Zoltán <acszoltan111@gmail.com>
Adolfo Jayme Barrientos <fitojb@ubuntu.com>
Adrià Martín <adriamartinmor@gmail.com>
advocatux <advocatux@airpost.net>
Albert Astals <albert.astals@canonical.com>
Alexie Brindusescu <alexiedb@yahoo.com>
Allan LeSage <allanlesage@gmail.com>
Allan Nordhøy <epost@anotheragency.no>
Anders Jonsson <anders.jonsson@norsjovallen.se>
Andrea Azzarone <andrea.azzarone@canonical.com>
Andrea Cimitan <andrea.cimitan@canonical.com>
Andrea Cimitan <andrea.cimitan@gmail.com>
Andrej Shadura <andrew@shadura.me>
Andy Chiang <andy.chiang.13@gmail.com>
Antti Kaijanmäki <antti.kaijanmaki@canonical.com>
antuketot76 <antuketot76@protonmail.com>
Artem <artem@molotov.work>
Baka Gaijin <lewdwarrior@waifu.club>
Bilal Akhtar <bilalakhtar96@yahoo.com>
Bileto Bot <ci-train-bot@canonical.com>
Boyuan Yang <073plan@gmail.com>
charles kerr <charlesk@canonical.com>
Charles Kerr <charles.kerr@canonical.com>
CI Train Bot <ci-train-bot@canonical.com>
Cody Russell <crussell@canonical.com>
Conor Curran <conor.curran@canonical.com>
이정희 <daemul72@gmail.com>
Dan Chapman <dpniel@ubuntu.com>
Danjela Hoxha <danjelahoxha@gmail.com>
David Barth <david.barth@canonical.com>
David Planella <david.planella@ubuntu.com>
Davit Mayilyan <davit.mayilyan@protonmail.ch>
Didier Roche <didier.roche@canonical.com>
Didier Roche <didrocks@ubuntu.com>
Djakson Cleber Gonçalves Filho <djakson.filho@gmail.com>
Dmitrijs Ledkovs <dmitrijs.ledkovs@canonical.com>
Dmitry Shachnev <mitya57@ubuntu.com>
Doma Gergő <domag02@gmail.com>
Dylan McCall <dylanmccall@ubuntu.com>
Elizabeth Sherrock <lizzyd710@gmail.com>
Erik Peeremand <klerespam@tutanota.com>
Estébastien Robespi <estebastien@mailbox.org>
Eugen Wesseloh <auscoder@gmail.com>
Fatih Mert Doğancan <fatihmertdogancan@hotmail.com>
Gabor Kelemen <kelemeng@ubuntu.com>
Gediminas Murauskas <muziejusinfo@gmail.com>
george k <norhorn@gmail.com>
giorgio.saragnese <giorgio.saragnese@hotmail.it>
GM <muziejusinfo@gmail.com>
Grace Guo <grace@appest.com>
Guido Berhoerster <guido+ubports@berhoerster.name>
György Balló <ballogy@freestart.hu>
Harry van Haaren <harryhaaren@gmail.com>
Heimen Stoffels <vistausss@outlook.com>
Henrique Combochi <henrique.combochi@gmail.com>
Hosted Weblate <hosted@weblate.org>
Hugel <qihu@nfschina.com>
huzhanrong <480298199@qq.com>
iNetRoos <inetroos@gmail.com>
Janne Jokitalo (astraljava) <astraljava@kapsi.fi>
Jeannette L <j.lavoie@net-c.ca>
Jeremy Bicha <jbicha@ubuntu.com>
Jeremy Bicha <jeremy@bicha.net>
J. Lavoie <j.lavoie@net-c.ca>
Joan CiberSheep <cibersheep@gmail.com>
Johntini <ekardian@gmail.com>
Juraj Liso <lisojuraj@gmail.com>
Ken VanDine <ken.vandine@canonical.com>
Kristjan Räts <kristjanrats@gmail.com>
Laércio Cordeiro <efs.laee@gmail.com>
Lars Uebernickel <lars.uebernickel@canonical.com>
Lejo <Lejo_1@web.de>
Lionel Le Folgoc <mrpouit@ubuntu.com>
Louies <louies0623@gmail.com>
Luke Yelavich <luke.yelavich@canonical.com>
Luna Jernberg <droidbittin@gmail.com>
Manuela Silva <mmsrs@sky.com>
Marcela Korreshi <celomarcela@gmail.com>
Marco Trevisan (Treviño) <mail@3v1n0.net>
Marcus Vinicius Santos <m.vinicius@zoho.com>
Mareks Dunkurs <mareks.dunkurs@markody.com>
Marius Gripsgard <marius@ubports.com>
MarongHappy <daemul72@gmail.com>
Martin Pitt <martin.pitt@ubuntu.com>
Martin Wimpress <code@flexion.org>
mateosalta <mateo_salta@yahoo.com>
Mathieu Trudel-Lapierre <mathieu-tl@ubuntu.com>
Matteo F. Vescovi <mfvescovi+github@gmail.com>
Matthias Klose <doko@ubuntu.com>
Michael Terry <michael.terry@canonical.com>
Michael Terry <mike@mterry.name>
Michalis <michalisntovas@yahoo.gr>
Michele <miguel2000@livecom.it>
Mike Gabriel <mike.gabriel@das-netzwerkteam.de>
Milan Korecky <milan.korecky@gmail.com>
Milo Ivir <mail@milotype.de>
Mingun <Alexander_Sergey@mail.ru>
Mirco Müller <mirco.mueller@canonical.com>
Mirco Müller <mirco.mueller@ubuntu.com>
Mirco Müller <mirco.muller@canonical.com>
MonsieurBibo <biboselim1308@gmail.com>
Moo <hazap@hotmail.com>
Mr Liau <joseph.liau@sd41.bc.ca>
Nathan <bonnemainsnathan@gmail.com>
Nick Dedekind <nicholas.dedekind@gmail.com>
Nick Dedekind <nick.dedekind@canonical.com>
Nicolas Delvaux <nicolas.delvaux@gmx.com>
Oğuz Ersen <oguz@ersen.moe>
Oğuz Ersen <oguzersen@protonmail.com>
Olivier Macchioni <olivier.macchioni@gmail.com>
Omer Akram <om26er@ubuntu.com>
Patrick Heijmann <wh33ly@gmail.com>
Pavel Borecki <pavel.borecki@gmail.com>
Pete Woods <pete.woods@canonical.com>
Phil Clifford <philip.clifford@gmail.com>
phlostically <phlostically@mailinator.com>
Quentin PAGÈS <quentinantonin@free.fr>
Ratchanan Srirattanamet <ratchanan@ubports.com>
Reza Almanda <rezaalmanda27@gmail.com>
Ricardo Salveti de Araujo <ricardo.salveti@canonical.com>
Ricardo Salveti <ricardo.salveti@canonical.com>
Ricardo Salveti <rsalveti@rsalveti.net>
Robert Ancell <robert.ancell@canonical.com>
Robert Collins <robertc@robertcollins.net>
Robert Tari <robert@tari.in>
Rodney Dawes <rodney.dawes@canonical.com>
Satnam S Virdi <pika10singh@gmail.com>
Sebastian Rasmussen <sebras@gmail.com>
Sebastien Bacher <seb128@ubuntu.com>
Sergey Chupligin <neochapay@gmail.com>
Sergey Shnatsel Davidoff <shnatsel@gmail.com>
Sergii Horichenko <m@sgg.im>
ssantos <ssantos@web.de>
Swann Martinet <swann.ranskassa@laposte.net>
Talking Panda <memredogan3626@gmail.com>
Ted Gould <ted@gould.cx>
Teitei <beilaitei40@gmail.com>
THANOS SIOURDAKIS <siourdakisthanos@gmail.com>
Timo Jyrinki <timo.jyrinki@canonical.com>
Tobias p <sorenautonom667@gmail.com>
Tomáš Marný <tomik.marny@gmail.com>
Unit193 <unit193@Vanir>
unknown <allanlesage@gmail.com>
unknown <martin@piware.de>
userj <joseph@liau.ca>
Veselin Georgiev <vvgeorgievv@gmail.com>
Viktar Vauchkevich <victorenator@gmail.com>
WaldiS <admin@sto.ugu.pl>
wdggg <wdggg7@gmail.com>
Weblate <noreply@weblate.org>
Wellington Terumi Uemura <wellingtonuemura@gmail.com>
wigy <wigy@tuta.io>
Xavi Garcia Mena <xavi.garcia.mena@canonical.com>
Xavi Garcia <xavi.garcia.mena@canonical.com>
yagoub fadel <yagoub76@gmail.com>
Yaron Shahrabani <sh.yaron@gmail.com>
Yusuf Osman YILMAZ <wolfkan4219@gmail.com>
Володимир Бриняк <bardvv@gmail.com>
Марс Ямбар <mjambarmeta@gmail.com>
Мира Странная <miraityan2004@gmail.com>
ۋولقان <nureliosman@gmail.com>
